source_id,destination_id,units_shipped,total_cost
S6f5cad9,Da9dbda0,17892,1801.13
S6f5cad9,D759aba7,19356,387.12
S6f5cad9,D4cf8ef3,10657,855.16
S6f5cad9,Da9dbda0,15801,642.57
S6f5cad9,D60bded9,15711,3609.17
S6f5cad9,D407253c,14784,1884.96
S6f5cad9,Dac7fd09,16882,1000.86
S6f5cad9,D759aba7,17148,514.44
S6f5cad9,D407253c,15694,745.46
S6f5cad9,Dac7fd09,10281,1123.57
S6f5cad9,D60bded9,14530,722.46
S6f5cad9,D60bded9,13267,1190.34
S6f5cad9,D4cf8ef3,14752,741.2
S6f5cad9,D60bded9,18924,183.98
S6f5cad9,D60bded9,13856,411.83
S6f5cad9,D407253c,11691,1139.87
S6f5cad9,D4cf8ef3,11497,1037.53
S6f5cad9,D4cf8ef3,14701,885.65
S6f5cad9,D759aba7,15837,1742.07
S6f5cad9,D60bded9,19593,5088.74
S6f5cad9,D407253c,13233,496.24
S6f5cad9,Da9dbda0,16069,2260.37
S6f5cad9,Dac7fd09,15548,2321.09
S6f5cad9,Da9dbda0,15272,1231.94
S6f5cad9,D60bded9,13966,415.1
S6f5cad9,Dac7fd09,12419,1978.17
S6f5cad9,D759aba7,12668,1773.52
S6f5cad9,D4cf8ef3,16307,819.33
S6f5cad9,D4cf8ef3,18995,1334.28
S6f5cad9,D407253c,17156,-42.89
S6f5cad9,D60bded9,15734,1097.01
S6f5cad9,D60bded9,16665,661.97
S6f5cad9,D4cf8ef3,15640,629.41
S6f5cad9,D4cf8ef3,18944,951.82
S6f5cad9,Dac7fd09,10893,427.94
S6f5cad9,D60bded9,19017,1325.91
S6f5cad9,D4cf8ef3,10847,436.53
S6f5cad9,Dac7fd09,11858,3074.61
S6f5cad9,D759aba7,17198,1203.86
S6f5cad9,Dac7fd09,13408,1465.3
S6f5cad9,D4cf8ef3,11782,2241.45
S6f5cad9,Dac7fd09,15921,943.89
S6f5cad9,Dac7fd09,14924,437.06
S6f5cad9,D407253c,18046,1579.02
S6f5cad9,D759aba7,18010,1981.1
S6f5cad9,Dac7fd09,19448,4653.63
S6f5cad9,D60bded9,13997,136.08
S6f5cad9,D759aba7,13015,2342.7
S6f5cad9,D407253c,14247,-35.62
S6f5cad9,Da9dbda0,14383,1879.38
S6f5cad9,D4cf8ef3,11920,1910.11
S6f5cad9,D60bded9,10817,970.53
S6f5cad9,D759aba7,16696,1335.68
S6f5cad9,D60bded9,16993,1184.79
S6f5cad9,Da9dbda0,19381,2726.26
S6f5cad9,D60bded9,15483,1544.0
S6f5cad9,Dac7fd09,15760,4086.34
S6f5cad9,Dac7fd09,12967,898.43
S6f5cad9,D4cf8ef3,13160,529.61
S6f5cad9,D407253c,19768,-49.42
S6f5cad9,D407253c,16493,948.35
S6f5cad9,D60bded9,19176,4213.39
S6f5cad9,D4cf8ef3,14685,444.13
S6f5cad9,D759aba7,11124,1223.64
S6f5cad9,Dac7fd09,17828,522.11
S6f5cad9,D4cf8ef3,17551,6673.66
S6f5cad9,D4cf8ef3,15267,1225.08
S6f5cad9,D407253c,14829,111.22
S6f5cad9,Dac7fd09,18890,553.21
S6f5cad9,D60bded9,10661,636.7
S6f5cad9,D407253c,16017,5726.08
S6f5cad9,D759aba7,15725,943.5
S6f5cad9,D4cf8ef3,12243,860.0
S6f5cad9,D407253c,12105,1180.24
S6f5cad9,D759aba7,16303,2608.48
S6f5cad9,Dac7fd09,14776,3092.41
S6f5cad9,D759aba7,16573,994.38
S6f5cad9,Dac7fd09,12417,1729.51
S6f5cad9,D4cf8ef3,12311,372.33
S6f5cad9,D759aba7,11650,1980.5
S6f5cad9,Dac7fd09,17684,694.73
S6f5cad9,D60bded9,14314,568.58
S6f5cad9,D759aba7,11493,689.58
S6f5cad9,D4cf8ef3,14629,1320.18
S6f5cad9,D60bded9,16941,672.93
S6f5cad9,D60bded9,13192,128.26
S6f5cad9,D407253c,19802,544.56
S6f5cad9,Da9dbda0,13880,1536.05
S6f5cad9,D4cf8ef3,15077,305.22
S6f5cad9,D407253c,18089,135.67
S6f5cad9,Da9dbda0,13812,147.33
S6f5cad9,D4cf8ef3,16382,495.46
S6f5cad9,D407253c,11094,1414.48
S6f5cad9,Dac7fd09,11924,349.2
S6f5cad9,D759aba7,16368,6219.84
S6f5cad9,Dac7fd09,13336,2257.59
S6f5cad9,D4cf8ef3,11314,229.04
S6f5cad9,D60bded9,13507,671.6
S6f5cad9,Dac7fd09,14348,2572.39
S6f5cad9,D759aba7,16328,653.12
S6f5cad9,Dac7fd09,12480,2487.09
S6f5cad9,Dac7fd09,11336,785.42
S6f5cad9,Dac7fd09,15696,3755.83
S6f5cad9,Dac7fd09,18823,551.24
S6f5cad9,D407253c,10947,3913.55
S6f5cad9,D759aba7,12686,253.72
S6f5cad9,Da9dbda0,11929,127.24
S6f5cad9,Dac7fd09,13382,2265.38
S6f5cad9,Da9dbda0,19906,1804.81
S6f5cad9,Dac7fd09,19530,2134.35
S6f5cad9,D759aba7,10637,1701.92
S6f5cad9,D407253c,12152,3493.7
S6f5cad9,D60bded9,11020,768.34
S6f5cad9,D407253c,17020,7786.65
S6f5cad9,D759aba7,13654,1638.48
S6f5cad9,D60bded9,10748,1609.21
S6f5cad9,D4cf8ef3,18809,4330.66
S6f5cad9,Da9dbda0,18569,198.07
S6f5cad9,Da9dbda0,11802,834.01
S6f5cad9,Da9dbda0,14712,451.17
S6f5cad9,Dac7fd09,14323,562.69
S6f5cad9,Dac7fd09,14587,1010.67
S6f5cad9,D60bded9,11786,468.17
S6f5cad9,Dac7fd09,17814,1590.54
S6f5cad9,D407253c,14684,697.49
S6f5cad9,Da9dbda0,16631,510.02
S6f5cad9,D4cf8ef3,16681,7510.52
S6f5cad9,Da9dbda0,10035,207.39
S6f5cad9,D407253c,11244,84.33
S6f5cad9,Da9dbda0,10919,7650.58
S6f5cad9,D407253c,17584,1890.28
S6f5cad9,Dac7fd09,13554,1210.18
S6f5cad9,Da9dbda0,16368,338.27
S6f5cad9,Dac7fd09,18535,2396.31
S6f5cad9,Dac7fd09,16207,636.7
S6f5cad9,Da9dbda0,18427,12.28
S6f5cad9,D4cf8ef3,19944,1201.5
S6f5cad9,D4cf8ef3,17897,1436.13
S6f5cad9,D60bded9,15016,746.63
S6f5cad9,D759aba7,17611,1056.66
S6f5cad9,Dac7fd09,10370,303.69
S6f5cad9,D60bded9,15597,931.49
S6f5cad9,D407253c,12232,458.7
S6f5cad9,D60bded9,17109,1535.06
S6f5cad9,D60bded9,12067,479.33
S6f5cad9,D407253c,18234,2142.5
S6f5cad9,D407253c,19394,339.4
S6f5cad9,Dac7fd09,17010,3219.75
S6f5cad9,D4cf8ef3,14300,432.49
S6f5cad9,Da9dbda0,11667,357.79
S6f5cad9,Dac7fd09,18704,734.8
S6f5cad9,Da9dbda0,16590,176.96
S6f5cad9,D60bded9,15281,607.0
S6f5cad9,Dac7fd09,11731,578.17
S6f5cad9,Da9dbda0,10853,766.95
S6f5cad9,Da9dbda0,17579,5637.0
S6f5cad9,D60bded9,17426,2783.32
S6f5cad9,D407253c,10834,81.26
S6f5cad9,D407253c,14362,969.44
S6f5cad9,D759aba7,11985,239.7
S6f5cad9,D4cf8ef3,11456,804.71
S6f5cad9,D60bded9,14934,593.21
S6f5cad9,Dac7fd09,16176,473.73
S6f5cad9,Dac7fd09,16569,2804.89
S6f5cad9,D60bded9,19070,757.5
S6f5cad9,D759aba7,15405,462.15
S6f5cad9,D759aba7,14163,4673.79
S6f5cad9,Da9dbda0,11610,1517.04
S6f5cad9,D759aba7,19350,1935.0
S6f5cad9,D4cf8ef3,11435,1374.99
S6f5cad9,D4cf8ef3,19227,2119.66
S6f5cad9,D759aba7,15331,1226.48
S6f5cad9,D759aba7,17027,340.54
S6f5cad9,D759aba7,17446,697.84
S6f5cad9,D407253c,12459,591.8
S6f5cad9,D407253c,18611,697.91
S6f5cad9,D4cf8ef3,12871,2319.92
S6f5cad9,D4cf8ef3,18667,1124.57
S6f5cad9,D759aba7,16827,2692.32
S6f5cad9,D759aba7,10378,1971.82
S6f5cad9,D407253c,11220,1542.75
S6f5cad9,D407253c,13649,784.82
S6f5cad9,D759aba7,10346,724.22
S6f5cad9,D60bded9,14573,433.14
S6f5cad9,D4cf8ef3,17826,717.39
S6f5cad9,D60bded9,13163,259.6
S6f5cad9,D759aba7,13049,4175.68
S6f5cad9,Dac7fd09,19237,2102.33
S6f5cad9,Da9dbda0,15200,2138.13
S6f5cad9,Dac7fd09,15361,2446.79
S6f5cad9,D4cf8ef3,13301,535.28
S6f5cad9,Da9dbda0,15281,315.81
S6f5cad9,Da9dbda0,15131,1977.12
S6f5cad9,D4cf8ef3,17359,2087.31
S6f5cad9,D759aba7,11091,887.28
S6f5cad9,D60bded9,18379,1097.63
S6f5cad9,D759aba7,17839,535.17
S6f5cad9,D759aba7,18844,753.76
S6f5cad9,D4cf8ef3,11290,680.15
S6f5cad9,D4cf8ef3,14863,1044.04
S6f5cad9,Da9dbda0,19468,1570.42
S6f5cad9,D4cf8ef3,17908,1257.93
S6f5cad9,D759aba7,10773,646.38
S6f5cad9,D4cf8ef3,15014,303.94
S6f5cad9,Da9dbda0,16522,837.11
S6f5cad9,Dac7fd09,16382,2773.24
S6f5cad9,D407253c,18383,-229.79
S6f5cad9,Dac7fd09,17946,705.02
S6f5cad9,D4cf8ef3,15273,1072.84
S6f5cad9,Da9dbda0,18821,1894.65
S6f5cad9,D759aba7,10713,2571.12
S6f5cad9,D759aba7,17634,881.7
S6f5cad9,D759aba7,17080,3245.2
S6f5cad9,D759aba7,11237,1123.7
S6f5cad9,D4cf8ef3,11489,692.14
S6f5cad9,D60bded9,13674,406.42
S6f5cad9,D60bded9,18224,723.9
S6f5cad9,D4cf8ef3,12030,845.03
S6f5cad9,Da9dbda0,15008,2561.37
S6f5cad9,D407253c,17037,468.52
