from,to,cost_per_unit_shipped,transportation_method,congestion_level
1,3,22,Diesel Trucks,81
1,6,8,Electric/Hybrid Trucks,28
1,7,12,Air Freight,35
2,1,9,Electrified Rail,74
2,3,11,Cargo Ships (Heavy Fuel Oil),88
2,4,13,Diesel Rail,94
2,5,5,Diesel Rail,94
2,6,24,Diesel Trucks,72
2,7,18,Air Freight,98
3,1,13,Diesel Rail,102
3,4,16,Diesel Trucks,105
4,7,16,Diesel Trucks,27
5,1,10,Diesel Trucks,84
5,2,13,Diesel Rail,35
5,7,19,Diesel Trucks,89
6,1,13,Cargo Ships (Heavy Fuel Oil),94
6,2,11,Diesel Rail,78
6,3,7,Air Freight,87
6,4,23,Electrified Rail,87
6,5,6,Diesel Trucks,32
6,7,24,Air Freight,88
7,1,18,Slow Steaming Cargo Ships,40
7,2,6,Cargo Ships (Heavy Fuel Oil),87
7,3,5,Air Freight,35
